open_timestamp_utc,close_timestamp_utc,open,high,low,close,volume
1569412800,1569416399,1.57000000,1.97800000,1.50000000,1.52930000,730.42000000
1569416400,1569419999,1.55440000,1.59170000,1.53710000,1.55510000,239.72000000
1569420000,1569423599,1.59020000,1.63410000,1.54180000,1.54180000,349.01000000
1569423600,1569427199,1.54180000,1.54180000,1.54180000,1.54180000,0.00000000
1569427200,1569430799,1.54740000,1.55990000,1.53000000,1.55990000,2747.24000000
1569430800,1569434399,1.56520000,1.56520000,1.56520000,1.56520000,79.44000000
1569434400,1569437999,1.57300000,1.57300000,1.57300000,1.57300000,20.00000000
1569438000,1569441599,1.59450000,1.59450000,1.59450000,1.59450000,211.03000000
1569441600,1569445199,1.59450000,1.65180000,1.58590000,1.59570000,180.58000000
1569445200,1569448799,1.64970000,1.65980000,1.60180000,1.61050000,81.04000000
1569448800,1569452399,1.63750000,1.66950000,1.59350000,1.59350000,348.33000000
1569452400,1569455999,1.59380000,1.59380000,1.59350000,1.59350000,100.79000000
1569456000,1569459599,1.62130000,1.63330000,1.62060000,1.63170000,635.86000000
1569459600,1569463199,1.63180000,1.64850000,1.60250000,1.60250000,101.45000000
1569463200,1569466799,1.59520000,1.62710000,1.58650000,1.61220000,162.73000000
1569466800,1569470399,1.60750000,1.64830000,1.60750000,1.63810000,30.98000000
1569470400,1569473999,1.60000000,1.62920000,1.58200000,1.61470000,267.27000000
1569474000,1569477599,1.61470000,1.62930000,1.61470000,1.62930000,25.76000000
1569477600,1569481199,1.62560000,1.62930000,1.62560000,1.62900000,19.45000000
1569481200,1569484799,1.62730000,1.65190000,1.62730000,1.65030000,1207.62000000
1569484800,1569488399,1.62710000,1.64650000,1.62710000,1.64650000,48.77000000
1569488400,1569491999,1.65200000,1.74630000,1.65120000,1.74630000,128.28000000
1569492000,1569495599,1.68400000,1.75160000,1.67000000,1.68200000,135.62000000
1569495600,1569499199,1.70740000,1.70890000,1.65140000,1.68440000,775.83000000
1569499200,1569502799,1.69990000,1.69990000,1.66500000,1.68010000,25.11000000
1569502800,1569506399,1.68380000,1.68380000,1.57290000,1.57290000,679.14000000
1569506400,1569509999,1.61650000,1.64860000,1.58620000,1.59150000,652.20000000
1569510000,1569513599,1.59150000,1.59150000,1.51270000,1.51270000,344.11000000
1569513600,1569517199,1.61160000,1.68440000,1.46870000,1.56500000,1147.93000000
1569517200,1569520799,1.51870000,1.67220000,1.51870000,1.54200000,569.52000000
1569520800,1569524399,1.61420000,1.61420000,1.55000000,1.59500000,139.43000000
1569524400,1569527999,1.57810000,1.62250000,1.57810000,1.62250000,79.35000000
1569528000,1569531599,1.57680000,1.59330000,1.57680000,1.58530000,141.17000000
1569531600,1569535199,1.57290000,1.62240000,1.53830000,1.59740000,192.24000000
1569535200,1569538799,1.62240000,1.62240000,1.56140000,1.60050000,120.37000000
1569538800,1569542399,1.59000000,1.63430000,1.58330000,1.63430000,257.89000000
1569542400,1569545999,1.60000000,1.61210000,1.59000000,1.59000000,43.65000000
1569546000,1569549599,1.61200000,1.61200000,1.61200000,1.61200000,1.88000000
1569549600,1569553199,1.61200000,1.61200000,1.59060000,1.59060000,10.33000000
1569553200,1569556799,1.59060000,1.65000000,1.59060000,1.64920000,270.36000000
1569556800,1569560399,1.62010000,1.62010000,1.62010000,1.62010000,1.90000000
1569560400,1569563999,1.61580000,1.61580000,1.57530000,1.59600000,238.60000000
1569564000,1569567599,1.59440000,1.59460000,1.58120000,1.59460000,337.04000000
1569567600,1569571199,1.59460000,1.61550000,1.59460000,1.61550000,1703.09000000
1569571200,1569574799,1.61940000,1.61940000,1.61940000,1.61940000,2.21000000
1569574800,1569578399,1.59060000,1.60370000,1.57530000,1.57530000,332.65000000
1569578400,1569581999,1.58080000,1.58310000,1.57060000,1.58250000,170.33000000
1569582000,1569585599,1.58320000,1.64960000,1.55320000,1.56590000,321.23000000
1569585600,1569589199,1.56570000,1.59000000,1.56530000,1.58090000,528.17000000
1569589200,1569592799,1.58080000,1.58560000,1.57340000,1.57520000,486.94000000
1569592800,1569596399,1.57520000,1.58550000,1.56650000,1.57020000,577.66000000
1569596400,1569599999,1.57260000,1.58520000,1.56100000,1.57270000,483.72000000
1569600000,1569603599,1.57260000,1.64490000,1.56850000,1.62730000,1753.60000000
1569603600,1569607199,1.62190000,1.64530000,1.62010000,1.62520000,647.58000000
1569607200,1569610799,1.62550000,1.64530000,1.61180000,1.61420000,1733.43000000
1569610800,1569614399,1.61610000,1.63600000,1.61610000,1.61690000,412.96000000
1569614400,1569617999,1.61730000,1.64980000,1.61330000,1.63760000,607.42000000
1569618000,1569621599,1.63780000,1.66490000,1.62990000,1.65260000,708.09000000
1569621600,1569625199,1.65290000,1.66500000,1.63870000,1.63870000,776.74000000
1569625200,1569628799,1.63530000,1.63880000,1.61830000,1.62550000,553.93000000
1569628800,1569632399,1.62660000,1.65410000,1.62660000,1.63480000,401.73000000
1569632400,1569635999,1.63620000,1.65400000,1.63050000,1.63780000,392.05000000
1569636000,1569639599,1.63800000,1.64560000,1.62150000,1.63120000,422.16000000
1569639600,1569643199,1.63150000,1.64550000,1.62250000,1.62540000,454.50000000
1569643200,1569646799,1.62510000,1.64550000,1.62510000,1.63620000,379.94000000
1569646800,1569650399,1.63560000,1.63590000,1.61350000,1.62890000,769.65000000
1569650400,1569653999,1.62920000,1.64360000,1.61620000,1.62320000,418.81000000
1569654000,1569657599,1.62350000,1.64060000,1.62330000,1.63920000,623.54000000
1569657600,1569661199,1.63890000,1.65420000,1.63890000,1.64230000,966.13000000
1569661200,1569664799,1.64190000,1.64340000,1.62970000,1.63580000,1435.88000000
1569664800,1569668399,1.63630000,1.63630000,1.63370000,1.63370000,442.75000000
1569668400,1569671999,1.64260000,1.65210000,1.63180000,1.63540000,676.84000000
1569672000,1569675599,1.63540000,1.65230000,1.62040000,1.62750000,1743.65000000
1569675600,1569679199,1.62770000,1.63000000,1.60760000,1.62200000,2300.92000000
1569679200,1569682799,1.62230000,1.62490000,1.61230000,1.61560000,432.41000000
1569682800,1569686399,1.61560000,1.61930000,1.59680000,1.59940000,430.81000000
1569686400,1569689999,1.59720000,1.62370000,1.59590000,1.62000000,452.20000000
1569690000,1569693599,1.61990000,1.63000000,1.61960000,1.62210000,382.14000000
1569693600,1569697199,1.62220000,1.63500000,1.62220000,1.62830000,593.83000000
1569697200,1569700799,1.62800000,1.63850000,1.62570000,1.63010000,410.39000000
1569700800,1569704399,1.63030000,1.65080000,1.62990000,1.63400000,385.42000000
1569704400,1569707999,1.63190000,1.63590000,1.62730000,1.62740000,460.23000000
1569708000,1569711599,1.62770000,1.65240000,1.61720000,1.62180000,981.16000000
1569711600,1569715199,1.62460000,1.63670000,1.62440000,1.63160000,363.10000000
1569715200,1569718799,1.63270000,1.65080000,1.62880000,1.63780000,1964.29000000
1569718800,1569722399,1.63680000,1.63690000,1.61370000,1.61370000,506.89000000
1569722400,1569725999,1.61150000,1.62310000,1.61010000,1.61810000,492.49000000
1569726000,1569729599,1.61500000,1.61500000,1.59920000,1.60510000,600.68000000
1569729600,1569733199,1.60750000,1.61090000,1.59840000,1.60110000,453.99000000
1569733200,1569736799,1.60120000,1.60210000,1.57790000,1.57960000,1865.91000000
1569736800,1569740399,1.57790000,1.58710000,1.56640000,1.57570000,526.82000000
1569740400,1569743999,1.57560000,1.58750000,1.57560000,1.58510000,506.03000000
1569744000,1569747599,1.58490000,1.60190000,1.58490000,1.59240000,274.93000000
1569747600,1569751199,1.59000000,1.59000000,1.59000000,1.59000000,10.68000000
1569751200,1569754799,1.58680000,1.59820000,1.56950000,1.57030000,256.37000000
1569754800,1569758399,1.59970000,1.59970000,1.59960000,1.59960000,4.51000000
1569758400,1569761999,1.56830000,1.59910000,1.53410000,1.56000000,921.39000000
1569762000,1569765599,1.56000000,1.57490000,1.54250000,1.55890000,140.97000000
1569765600,1569769199,1.56380000,1.56500000,1.56380000,1.56470000,23.20000000
1569769200,1569772799,1.54560000,1.56290000,1.53220000,1.56150000,1069.23000000
1569772800,1569776399,1.56150000,1.57710000,1.56140000,1.57700000,462.05000000
1569776400,1569779999,1.57680000,1.60180000,1.55610000,1.60180000,475.78000000
1569780000,1569783599,1.59160000,1.59630000,1.57390000,1.59610000,811.19000000
1569783600,1569787199,1.60190000,1.60190000,1.60190000,1.60190000,3.92000000
1569787200,1569790799,1.60180000,1.60190000,1.57350000,1.60190000,235.10000000
1569790800,1569794399,1.60170000,1.60190000,1.60170000,1.60190000,10.26000000
1569794400,1569797999,1.60190000,1.60200000,1.58020000,1.60200000,64.02000000
1569798000,1569801599,1.61790000,1.61790000,1.61320000,1.61420000,13.38000000
1569801600,1569805199,1.61760000,1.61760000,1.58550000,1.61750000,75.31000000
1569805200,1569808799,1.58760000,1.61740000,1.58760000,1.61660000,34.30000000
1569808800,1569812399,1.61660000,1.61660000,1.57710000,1.58330000,134.85000000
1569812400,1569815999,1.58330000,1.58830000,1.56870000,1.57570000,468.88000000
1569816000,1569819599,1.57830000,1.57830000,1.53060000,1.54940000,623.67000000
1569819600,1569823199,1.54990000,1.55520000,1.52460000,1.54190000,1396.48000000
1569823200,1569826799,1.54450000,1.55100000,1.54450000,1.54670000,536.59000000
1569826800,1569830399,1.54860000,1.57830000,1.53850000,1.54740000,592.29000000
1569830400,1569833999,1.54700000,1.57820000,1.54390000,1.56860000,476.24000000
1569834000,1569837599,1.57060000,1.61810000,1.56090000,1.61560000,546.08000000
1569837600,1569841199,1.61590000,1.63400000,1.59850000,1.60960000,571.65000000
1569841200,1569844799,1.61160000,1.62730000,1.60040000,1.60620000,765.94000000
1569844800,1569848399,1.61090000,1.62960000,1.60130000,1.60150000,661.08000000
1569848400,1569851999,1.60170000,1.66590000,1.60170000,1.63150000,664.56000000
1569852000,1569855599,1.62430000,1.64100000,1.62100000,1.64060000,500.58000000
1569855600,1569859199,1.64010000,1.65750000,1.63980000,1.64860000,512.74000000
1569859200,1569862799,1.65050000,1.66400000,1.61940000,1.64930000,768.73000000
1569862800,1569866399,1.64910000,1.65690000,1.63860000,1.63910000,1489.42000000
1569866400,1569869999,1.64310000,1.68260000,1.64310000,1.66900000,1594.71000000
1569870000,1569873599,1.66920000,1.67580000,1.65310000,1.66100000,1692.99000000
1569873600,1569877199,1.66410000,1.66770000,1.63110000,1.64470000,2089.69000000
1569877200,1569880799,1.64470000,1.64740000,1.62930000,1.64380000,687.81000000
1569880800,1569884399,1.64390000,1.65110000,1.63140000,1.63480000,685.78000000
1569884400,1569887999,1.63490000,1.64890000,1.62650000,1.64810000,652.44000000
1569888000,1569891599,1.66040000,1.66040000,1.63600000,1.64360000,3164.39000000
1569891600,1569895199,1.64400000,1.68720000,1.64050000,1.68710000,515.35000000
1569895200,1569898799,1.67280000,1.72310000,1.67280000,1.70160000,2938.23000000
1569898800,1569902399,1.70560000,1.72320000,1.69140000,1.69190000,848.45000000
1569902400,1569905999,1.69210000,1.69400000,1.20210000,1.67510000,10018.13000000
1569906000,1569909599,1.67470000,1.68670000,1.66650000,1.67350000,718.03000000
1569909600,1569913199,1.67540000,1.67600000,1.65310000,1.65400000,1298.79000000
1569913200,1569916799,1.65310000,1.67430000,1.64440000,1.66230000,483.81000000
1569916800,1569920399,1.65650000,1.67240000,1.64470000,1.65910000,729.13000000
1569920400,1569923999,1.65930000,1.66530000,1.63830000,1.63830000,587.17000000
1569924000,1569927599,1.64490000,1.64580000,1.62340000,1.63370000,442.01000000
1569927600,1569931199,1.63420000,1.64960000,1.63230000,1.64960000,421.32000000
1569931200,1569934799,1.65060000,1.66950000,1.64290000,1.64440000,1291.10000000
1569934800,1569938399,1.64430000,1.65970000,1.63410000,1.65620000,575.45000000
1569938400,1569941999,1.65780000,1.66040000,1.64410000,1.64460000,540.16000000
1569942000,1569945599,1.64540000,1.64540000,1.63230000,1.63980000,585.33000000
1569945600,1569949199,1.64460000,1.66500000,1.63970000,1.66120000,412.47000000
1569949200,1569952799,1.66110000,1.66810000,1.61840000,1.62700000,1665.72000000
1569952800,1569956399,1.62410000,1.64900000,1.62410000,1.63400000,539.19000000
1569956400,1569959999,1.63380000,1.63380000,1.61770000,1.63150000,403.38000000
1569960000,1569963599,1.63140000,1.65840000,1.63140000,1.65770000,642.37000000
1569963600,1569967199,1.64440000,1.64660000,1.63260000,1.63520000,432.84000000
1569967200,1569970799,1.63300000,1.64360000,1.63260000,1.63840000,436.14000000
1569970800,1569974399,1.63830000,1.64000000,1.63260000,1.63470000,430.78000000
1569974400,1569977999,1.63540000,1.63960000,1.63540000,1.63940000,475.51000000
1569978000,1569981599,1.63960000,1.64090000,1.63260000,1.63700000,478.74000000
1569981600,1569985199,1.63700000,1.63730000,1.63120000,1.63220000,387.56000000
1569985200,1569988799,1.63230000,1.63630000,1.61530000,1.62320000,411.65000000
1569988800,1569992399,1.62300000,1.63710000,1.61090000,1.61100000,444.81000000
1569992400,1569995999,1.61510000,1.63030000,1.60330000,1.61300000,672.96000000
1569996000,1569999599,1.61320000,1.62650000,1.60010000,1.62020000,452.98000000
1569999600,1570003199,1.62060000,1.65760000,1.62060000,1.63060000,799.83000000
1570003200,1570006799,1.63060000,1.63360000,1.61700000,1.63360000,1182.53000000
1570006800,1570010399,1.63270000,1.64210000,1.63270000,1.64080000,426.42000000
1570010400,1570013999,1.64240000,1.64240000,1.62730000,1.63350000,545.92000000
1570014000,1570017599,1.63320000,1.64250000,1.63320000,1.64170000,598.20000000
1570017600,1570021199,1.64220000,1.65770000,1.64020000,1.64690000,466.07000000
1570021200,1570024799,1.64690000,1.65140000,1.62900000,1.63150000,795.24000000
1570024800,1570028399,1.63180000,1.64240000,1.62140000,1.63720000,576.40000000
1570028400,1570031999,1.63660000,1.64940000,1.61970000,1.62240000,687.40000000
1570032000,1570035599,1.62320000,1.63890000,1.62180000,1.62490000,404.76000000
1570035600,1570039199,1.62730000,1.62730000,1.61890000,1.62150000,417.15000000
1570039200,1570042799,1.62170000,1.62940000,1.61890000,1.62940000,447.16000000
1570042800,1570046399,1.62950000,1.63430000,1.62390000,1.63430000,568.74000000
1570046400,1570049999,1.63420000,1.63420000,1.62720000,1.62940000,454.54000000
1570050000,1570053599,1.62960000,1.63900000,1.62070000,1.63350000,442.12000000
1570053600,1570057199,1.63320000,1.64320000,1.62760000,1.63510000,689.70000000
1570057200,1570060799,1.63660000,1.65830000,1.63660000,1.65620000,503.94000000
1570060800,1570064399,1.65560000,1.66060000,1.64460000,1.64850000,482.73000000
1570064400,1570067999,1.64840000,1.65350000,1.64510000,1.65220000,468.96000000
1570068000,1570071599,1.65410000,1.65440000,1.64780000,1.65110000,471.48000000
1570071600,1570075199,1.65180000,1.66680000,1.65090000,1.66420000,444.06000000
1570075200,1570078799,1.66080000,1.68570000,1.66080000,1.67040000,1272.24000000
1570078800,1570082399,1.66900000,1.68500000,1.66060000,1.66480000,648.03000000
1570082400,1570085999,1.66500000,1.66500000,1.64890000,1.65300000,743.74000000
1570086000,1570089599,1.65230000,1.66610000,1.65220000,1.65650000,480.60000000
1570089600,1570093199,1.65750000,1.66210000,1.64990000,1.65660000,513.49000000
1570093200,1570096799,1.65760000,1.67100000,1.64560000,1.64920000,688.88000000
1570096800,1570100399,1.64890000,1.65170000,1.64340000,1.64710000,724.87000000
1570100400,1570103999,1.64700000,1.65050000,1.64070000,1.64440000,467.08000000
1570104000,1570107599,1.64410000,1.66260000,1.64410000,1.65650000,541.44000000
1570107600,1570111199,1.65660000,1.66430000,1.65300000,1.65700000,631.96000000
1570111200,1570114799,1.65720000,1.65930000,1.60310000,1.60770000,2125.05000000
1570114800,1570118399,1.60770000,1.62020000,1.58480000,1.62010000,1128.80000000
1570118400,1570121999,1.61830000,1.64520000,1.60040000,1.63450000,663.87000000
1570122000,1570125599,1.63400000,1.63650000,1.62930000,1.63510000,435.68000000
1570125600,1570129199,1.63500000,1.64760000,1.62610000,1.64310000,688.60000000
1570129200,1570132799,1.64330000,1.65080000,1.63600000,1.65060000,472.50000000
1570132800,1570136399,1.65040000,1.65260000,1.64620000,1.64810000,400.65000000
1570136400,1570139999,1.64810000,1.65930000,1.64060000,1.65270000,444.91000000
1570140000,1570143599,1.65200000,1.65630000,1.64530000,1.64600000,535.74000000
1570143600,1570147199,1.64840000,1.65870000,1.64440000,1.64790000,683.40000000
1570147200,1570150799,1.64800000,1.65100000,1.63110000,1.63110000,542.66000000
1570150800,1570154399,1.62970000,1.63110000,1.60700000,1.63080000,588.95000000
1570154400,1570157999,1.63110000,1.63280000,1.62340000,1.62430000,531.74000000
1570158000,1570161599,1.62450000,1.63590000,1.60970000,1.61160000,1161.60000000
1570161600,1570165199,1.61130000,1.61910000,1.60920000,1.61570000,453.74000000
1570165200,1570168799,1.61770000,1.62260000,1.59580000,1.59600000,1147.66000000
1570168800,1570172399,1.59710000,1.60090000,1.59480000,1.59790000,530.43000000
1570172400,1570175999,1.60060000,1.61030000,1.59110000,1.59990000,978.41000000
1570176000,1570179599,1.60180000,1.60310000,1.59450000,1.59630000,572.62000000
1570179600,1570183199,1.59590000,1.59820000,1.59100000,1.59450000,498.51000000
1570183200,1570186799,1.59450000,1.60170000,1.59330000,1.59910000,1029.88000000
1570186800,1570190399,1.60020000,1.60400000,1.59730000,1.60250000,505.52000000
1570190400,1570193999,1.60210000,1.60500000,1.59810000,1.60100000,492.99000000
1570194000,1570197599,1.60070000,1.60500000,1.60040000,1.60500000,479.92000000
1570197600,1570201199,1.60580000,1.61850000,1.60450000,1.60940000,817.36000000
1570201200,1570204799,1.60930000,1.61400000,1.60280000,1.61320000,938.20000000
1570204800,1570208399,1.61290000,1.62010000,1.59990000,1.62010000,1345.59000000
1570208400,1570211999,1.62200000,1.62440000,1.61850000,1.62360000,447.49000000
1570212000,1570215599,1.62280000,1.63060000,1.61950000,1.62410000,463.15000000
1570215600,1570219199,1.62400000,1.65100000,1.62300000,1.63100000,589.68000000
1570219200,1570222799,1.63190000,1.63700000,1.62440000,1.62600000,588.89000000
1570222800,1570226399,1.62730000,1.62930000,1.62440000,1.62930000,573.54000000
1570226400,1570229999,1.62920000,1.63730000,1.62410000,1.62510000,651.24000000
1570230000,1570233599,1.62580000,1.63570000,1.62150000,1.62520000,1607.59000000
1570233600,1570237199,1.62390000,1.62390000,1.60240000,1.60290000,696.00000000
1570237200,1570240799,1.60470000,1.60650000,1.59840000,1.60160000,966.26000000
1570240800,1570244399,1.60410000,1.60720000,1.59830000,1.60140000,525.65000000
1570244400,1570247999,1.60230000,1.60720000,1.59270000,1.59270000,577.05000000
1570248000,1570251599,1.59500000,1.60500000,1.59240000,1.59400000,893.45000000
1570251600,1570255199,1.59560000,1.60190000,1.59170000,1.59470000,427.14000000
1570255200,1570258799,1.59520000,1.60600000,1.59480000,1.59720000,601.13000000
1570258800,1570262399,1.59700000,1.59780000,1.58950000,1.59330000,507.73000000
1570262400,1570265999,1.59330000,1.59330000,1.57790000,1.58080000,875.37000000
1570266000,1570269599,1.58120000,1.58550000,1.57300000,1.57640000,429.10000000
1570269600,1570273199,1.57590000,1.59620000,1.57590000,1.58640000,549.74000000
1570273200,1570276799,1.58640000,1.58870000,1.57870000,1.58030000,448.07000000
1570276800,1570280399,1.58050000,1.58570000,1.57430000,1.57590000,451.66000000
1570280400,1570283999,1.57590000,1.57940000,1.56640000,1.57940000,829.02000000
1570284000,1570287599,1.57710000,1.58090000,1.57330000,1.57400000,422.75000000
1570287600,1570291199,1.57380000,1.58290000,1.57140000,1.57820000,718.88000000
1570291200,1570294799,1.58090000,1.58870000,1.56610000,1.57200000,525.42000000
1570294800,1570298399,1.57700000,1.57950000,1.56840000,1.57520000,646.40000000
1570298400,1570301999,1.57500000,1.58210000,1.57060000,1.57630000,435.28000000
1570302000,1570305599,1.57040000,1.58350000,1.57040000,1.58050000,409.22000000
1570305600,1570309199,1.57990000,1.58050000,1.57560000,1.58000000,434.75000000
1570309200,1570312799,1.58000000,1.59770000,1.57610000,1.57880000,1373.91000000
1570312800,1570316399,1.57730000,1.58700000,1.57340000,1.57970000,1413.20000000
1570316400,1570319999,1.57990000,1.58350000,1.57470000,1.58150000,504.50000000
1570320000,1570323599,1.58150000,1.58990000,1.57760000,1.57790000,484.04000000
1570323600,1570327199,1.57790000,1.58100000,1.56990000,1.56990000,586.80000000
1570327200,1570330799,1.56970000,1.57710000,1.56000000,1.56560000,1247.21000000
1570330800,1570334399,1.56590000,1.57290000,1.56380000,1.56790000,412.91000000
1570334400,1570337999,1.56790000,1.57180000,1.56780000,1.57180000,402.12000000
1570338000,1570341599,1.57180000,1.57280000,1.56390000,1.56810000,735.75000000
1570341600,1570345199,1.57500000,1.57500000,1.52390000,1.54950000,1775.62000000
1570345200,1570348799,1.54140000,1.55230000,1.52710000,1.54850000,824.59000000
1570348800,1570352399,1.54820000,1.55100000,1.53230000,1.53450000,549.84000000
1570352400,1570355999,1.53460000,1.53680000,1.50970000,1.52860000,915.00000000
1570356000,1570359599,1.52880000,1.55100000,1.50900000,1.54220000,764.79000000
1570359600,1570363199,1.54960000,1.56590000,1.53980000,1.55010000,1007.70000000
1570363200,1570366799,1.54980000,1.55350000,1.53900000,1.54440000,665.46000000
1570366800,1570370399,1.54440000,1.55270000,1.53500000,1.54220000,479.47000000
1570370400,1570373999,1.54250000,1.54260000,1.52150000,1.53470000,603.03000000
1570374000,1570377599,1.53450000,1.56100000,1.53440000,1.55190000,491.04000000
1570377600,1570381199,1.55450000,1.56400000,1.54040000,1.54830000,572.09000000
1570381200,1570384799,1.54760000,1.57290000,1.54760000,1.56650000,638.02000000
1570384800,1570388399,1.56650000,1.57220000,1.52380000,1.52590000,933.73000000
1570388400,1570391999,1.52600000,1.53650000,1.52580000,1.53350000,484.03000000
1570392000,1570395599,1.53350000,1.53980000,1.52980000,1.53340000,386.46000000
1570395600,1570399199,1.53320000,1.54430000,1.53320000,1.54380000,432.07000000
1570399200,1570402799,1.54370000,1.54400000,1.53420000,1.53610000,438.07000000
1570402800,1570406399,1.53570000,1.53600000,1.52270000,1.52420000,614.12000000
1570406400,1570409999,1.52430000,1.53100000,1.50990000,1.52230000,579.04000000
1570410000,1570413599,1.52250000,1.52500000,1.51820000,1.52490000,399.85000000
1570413600,1570417199,1.52470000,1.52790000,1.52450000,1.52650000,401.59000000
1570417200,1570420799,1.52570000,1.62000000,1.52570000,1.58330000,4107.28000000
1570420800,1570424399,1.59450000,1.60930000,1.56140000,1.57090000,2360.76000000
1570424400,1570427999,1.56980000,1.57530000,1.55280000,1.56570000,960.12000000
1570428000,1570431599,1.56540000,1.56750000,1.53940000,1.54390000,3070.63000000
1570431600,1570435199,1.54420000,1.56350000,1.54420000,1.55680000,510.15000000
1570435200,1570438799,1.55720000,1.57460000,1.55720000,1.56250000,1101.12000000
1570438800,1570442399,1.56260000,1.57440000,1.55570000,1.57440000,552.14000000
1570442400,1570445999,1.57980000,1.60000000,1.57660000,1.58350000,1810.60000000
1570446000,1570449599,1.58430000,1.59170000,1.58030000,1.58030000,627.37000000
1570449600,1570453199,1.58080000,1.60790000,1.58080000,1.60150000,642.28000000
1570453200,1570456799,1.60380000,1.61070000,1.59680000,1.60720000,1075.75000000
1570456800,1570460399,1.60810000,1.61650000,1.60270000,1.60270000,1206.89000000
1570460400,1570463999,1.60430000,1.62000000,1.60170000,1.60780000,1506.25000000
1570464000,1570467599,1.61000000,1.62460000,1.60100000,1.62250000,1803.67000000
1570467600,1570471199,1.62290000,1.62340000,1.61590000,1.62210000,642.33000000
1570471200,1570474799,1.62190000,1.62730000,1.61410000,1.61760000,2028.11000000
1570474800,1570478399,1.62120000,1.62120000,1.61410000,1.61710000,444.06000000
1570478400,1570481999,1.61700000,1.62160000,1.60690000,1.60760000,439.34000000
1570482000,1570485599,1.60810000,1.61450000,1.60540000,1.60790000,431.04000000
1570485600,1570489199,1.60790000,1.62120000,1.60280000,1.60550000,620.64000000
1570489200,1570492799,1.61080000,1.61580000,1.60260000,1.60850000,801.40000000
1570492800,1570496399,1.60930000,1.61290000,1.60350000,1.60720000,461.80000000
1570496400,1570499999,1.60740000,1.62870000,1.60710000,1.62870000,573.15000000
1570500000,1570503599,1.62870000,1.64270000,1.61790000,1.62100000,1952.76000000
1570503600,1570507199,1.62330000,1.63310000,1.61290000,1.61340000,1255.05000000
1570507200,1570510799,1.61330000,1.62210000,1.60710000,1.60860000,606.28000000
1570510800,1570514399,1.61010000,1.61280000,1.59380000,1.60800000,941.11000000
1570514400,1570517999,1.60690000,1.60730000,1.59580000,1.60280000,563.32000000
1570518000,1570521599,1.60300000,1.65090000,1.59410000,1.59500000,1779.12000000
1570521600,1570525199,1.59530000,1.59530000,1.58020000,1.58030000,621.54000000
1570525200,1570528799,1.57860000,1.57980000,1.57160000,1.57660000,380.12000000
1570528800,1570532399,1.57960000,1.59520000,1.57660000,1.59160000,1483.02000000
1570532400,1570535999,1.59170000,1.59900000,1.58680000,1.58990000,933.64000000
1570536000,1570539599,1.59010000,1.60860000,1.58860000,1.60630000,666.23000000
1570539600,1570543199,1.60270000,1.61650000,1.60270000,1.60880000,1228.18000000
1570543200,1570546799,1.60920000,1.61280000,1.60020000,1.60860000,555.24000000
1570546800,1570550399,1.60860000,1.61970000,1.60620000,1.61030000,484.72000000
1570550400,1570553999,1.61060000,1.61380000,1.59890000,1.60080000,654.37000000
1570554000,1570557599,1.60100000,1.60950000,1.59090000,1.60780000,683.79000000
1570557600,1570561199,1.60830000,1.60890000,1.59780000,1.59780000,520.56000000
1570561200,1570564799,1.59950000,1.60680000,1.58500000,1.59370000,971.85000000
1570564800,1570568399,1.59340000,1.60070000,1.58450000,1.59580000,827.43000000
1570568400,1570571999,1.58870000,1.59550000,1.58780000,1.59210000,475.65000000
1570572000,1570575599,1.59150000,1.59210000,1.56090000,1.57430000,3587.68000000
1570575600,1570579199,1.57430000,1.58990000,1.56700000,1.58580000,753.56000000
1570579200,1570582799,1.58340000,1.59300000,1.56300000,1.56740000,1395.20000000
1570582800,1570586399,1.56720000,1.57940000,1.56720000,1.57670000,635.86000000
1570586400,1570589999,1.57730000,1.58330000,1.56190000,1.57610000,873.49000000
1570590000,1570593599,1.57610000,1.57630000,1.56370000,1.56370000,600.11000000
1570593600,1570597199,1.56370000,1.59320000,1.54390000,1.55770000,6832.41000000
1570597200,1570600799,1.55770000,1.57700000,1.55340000,1.57150000,995.52000000
1570600800,1570604399,1.57250000,1.57700000,1.55730000,1.56930000,833.59000000
1570604400,1570607999,1.56960000,1.58390000,1.55230000,1.58390000,5003.78000000
1570608000,1570611599,1.57860000,1.58140000,1.57820000,1.57960000,499.47000000
1570611600,1570615199,1.58400000,1.59530000,1.58160000,1.59310000,1489.65000000
1570615200,1570618799,1.59410000,1.60460000,1.59410000,1.60010000,2208.06000000
1570618800,1570622399,1.60160000,1.61280000,1.59060000,1.60520000,6686.50000000
1570622400,1570625999,1.60520000,1.61400000,1.59580000,1.59580000,786.79000000
1570626000,1570629599,1.59630000,1.60270000,1.59610000,1.60270000,1992.80000000
1570629600,1570633199,1.60590000,1.65090000,1.59610000,1.62770000,4867.67000000
1570633200,1570636799,1.63170000,1.64640000,1.61590000,1.62890000,975.84000000
1570636800,1570640399,1.62880000,1.63910000,1.61280000,1.62240000,852.29000000
1570640400,1570643999,1.62200000,1.62730000,1.61450000,1.62640000,1658.35000000
1570644000,1570647599,1.62710000,1.63820000,1.59640000,1.60900000,2985.64000000
1570647600,1570651199,1.61070000,1.61840000,1.60690000,1.60820000,555.02000000
1570651200,1570654799,1.60760000,1.61420000,1.60690000,1.61040000,688.52000000
1570654800,1570658399,1.60930000,1.61670000,1.59640000,1.60610000,775.28000000
1570658400,1570661999,1.60790000,1.62600000,1.60700000,1.61770000,1041.06000000
1570662000,1570665599,1.61760000,1.63440000,1.61750000,1.63010000,514.20000000
1570665600,1570669199,1.63010000,1.63430000,1.60700000,1.61860000,779.11000000
1570669200,1570672799,1.61910000,1.61910000,1.59790000,1.59970000,690.01000000
1570672800,1570676399,1.59940000,1.60400000,1.58870000,1.59810000,1160.02000000
1570676400,1570679999,1.59870000,1.61850000,1.59870000,1.61240000,1120.83000000
1570680000,1570683599,1.61270000,1.61850000,1.61260000,1.61380000,666.84000000
1570683600,1570687199,1.61390000,1.61400000,1.59100000,1.59660000,1159.65000000
1570687200,1570690799,1.59680000,1.60300000,1.59000000,1.59320000,1181.61000000
1570690800,1570694399,1.59430000,1.60340000,1.59000000,1.59210000,844.44000000
1570694400,1570697999,1.59190000,1.63450000,1.59000000,1.61290000,2752.84000000
1570698000,1570701599,1.62400000,1.62400000,1.58750000,1.59060000,1238.01000000
1570701600,1570705199,1.59280000,1.59280000,1.57500000,1.58360000,1554.06000000
1570705200,1570708799,1.58360000,1.59140000,1.58220000,1.58720000,448.71000000
1570708800,1570712399,1.58720000,1.58740000,1.57060000,1.57780000,920.61000000
1570712400,1570715999,1.57760000,1.58390000,1.56820000,1.57690000,585.97000000
1570716000,1570719599,1.57900000,1.58880000,1.57610000,1.58640000,592.28000000
1570719600,1570723199,1.58630000,1.58770000,1.57020000,1.58750000,547.98000000
1570723200,1570726799,1.58830000,1.59140000,1.58270000,1.58390000,485.05000000
1570726800,1570730399,1.58370000,1.59980000,1.57970000,1.58220000,582.13000000
1570730400,1570733999,1.58440000,1.59030000,1.58200000,1.58870000,413.21000000
1570734000,1570737599,1.58850000,1.59060000,1.58700000,1.59060000,586.32000000
1570737600,1570741199,1.59090000,1.59660000,1.58210000,1.58960000,807.09000000
1570741200,1570744799,1.58960000,1.59800000,1.58290000,1.58380000,488.06000000
1570744800,1570748399,1.58410000,1.58920000,1.58410000,1.58590000,567.52000000
1570748400,1570751999,1.58590000,1.58920000,1.58290000,1.58640000,529.77000000
1570752000,1570755599,1.58640000,1.59470000,1.56980000,1.57860000,623.39000000
1570755600,1570759199,1.57900000,1.59400000,1.57040000,1.58320000,605.06000000
1570759200,1570762799,1.58310000,1.58310000,1.57170000,1.57250000,596.62000000
1570762800,1570766399,1.57310000,1.57930000,1.57190000,1.57810000,690.91000000
1570766400,1570769999,1.57750000,1.60640000,1.57750000,1.59250000,1923.00000000
1570770000,1570773599,1.59540000,1.59800000,1.55890000,1.56190000,1768.76000000
1570773600,1570777199,1.56140000,1.56210000,1.54040000,1.55270000,947.42000000
1570777200,1570780799,1.55300000,1.56120000,1.54930000,1.55560000,1466.32000000
1570780800,1570784399,1.55520000,1.55960000,1.54310000,1.55040000,453.01000000
1570784400,1570787999,1.55010000,1.56170000,1.55010000,1.55820000,429.23000000
1570788000,1570791599,1.55820000,1.56480000,1.55290000,1.56480000,574.09000000
1570791600,1570795199,1.56370000,1.56380000,1.54800000,1.55080000,740.74000000
1570795200,1570798799,1.55050000,1.56170000,1.54690000,1.55930000,540.52000000
1570798800,1570802399,1.55920000,1.55920000,1.55260000,1.55570000,428.85000000
1570802400,1570805999,1.55530000,1.55860000,1.54000000,1.54880000,785.58000000
1570806000,1570809599,1.54850000,1.55400000,1.54420000,1.55280000,622.84000000
1570809600,1570813199,1.55390000,1.55390000,1.54210000,1.54390000,624.48000000
1570813200,1570816799,1.54470000,1.55350000,1.54210000,1.54630000,955.00000000
1570816800,1570820399,1.54600000,1.55440000,1.54300000,1.54520000,951.43000000
1570820400,1570823999,1.54510000,1.54690000,1.54000000,1.54690000,715.39000000
1570824000,1570827599,1.54690000,1.54690000,1.53380000,1.53760000,1144.10000000
1570827600,1570831199,1.53940000,1.54300000,1.53000000,1.53790000,672.31000000
1570831200,1570834799,1.53730000,1.54420000,1.53230000,1.53590000,725.58000000
1570834800,1570838399,1.53750000,1.54080000,1.52370000,1.52450000,1667.85000000
1570838400,1570841999,1.52430000,1.53880000,1.51900000,1.53290000,1446.01000000
1570842000,1570845599,1.53290000,1.54080000,1.52560000,1.53270000,1108.82000000
1570845600,1570849199,1.53260000,1.54620000,1.51620000,1.52290000,1084.32000000
1570849200,1570852799,1.52300000,1.52360000,1.51720000,1.52360000,476.09000000
1570852800,1570856399,1.52360000,1.52920000,1.52250000,1.52350000,406.18000000
1570856400,1570859999,1.52400000,1.54510000,1.52260000,1.53420000,420.73000000
1570860000,1570863599,1.53370000,2.00000000,1.53060000,1.54640000,11102.09000000
1570863600,1570867199,1.54640000,1.57790000,1.52550000,1.56120000,4767.85000000
1570867200,1570870799,1.54290000,1.56140000,1.53420000,1.54300000,3642.87000000
1570870800,1570874399,1.53880000,1.55760000,1.53010000,1.53010000,9369.04000000
1570874400,1570877999,1.54370000,1.54380000,1.53000000,1.53540000,5661.49000000
1570878000,1570881599,1.53550000,1.54300000,1.51890000,1.52420000,1180.37000000
1570881600,1570885199,1.52600000,1.55700000,1.52450000,1.55640000,1096.55000000
1570885200,1570888799,1.53920000,1.53920000,1.53110000,1.53110000,639.28000000
1570888800,1570892399,1.53100000,1.53410000,1.52620000,1.53310000,488.01000000
1570892400,1570895999,1.53310000,1.54630000,1.52900000,1.53360000,767.23000000
1570896000,1570899599,1.53360000,1.55000000,1.52620000,1.52800000,957.21000000
1570899600,1570903199,1.52840000,1.53000000,1.52730000,1.52960000,804.01000000
1570903200,1570906799,1.52950000,1.53630000,1.52180000,1.53600000,1789.81000000
1570906800,1570910399,1.52760000,1.54610000,1.52170000,1.53340000,916.02000000
1570910400,1570913999,1.53370000,1.53370000,1.51970000,1.52180000,530.96000000
1570914000,1570917599,1.52170000,1.52550000,1.52030000,1.52550000,404.84000000
1570917600,1570921199,1.52450000,1.52700000,1.52210000,1.52350000,374.02000000
1570921200,1570924799,1.52340000,1.52700000,1.51620000,1.52050000,421.86000000
1570924800,1570928399,1.52000000,1.52700000,1.52000000,1.52320000,359.90000000
1570928400,1570931999,1.52320000,1.53300000,1.52260000,1.52580000,481.88000000
1570932000,1570935599,1.52570000,1.52730000,1.52400000,1.52550000,382.82000000
1570935600,1570939199,1.52550000,1.52980000,1.52530000,1.52550000,424.07000000
1570939200,1570942799,1.52560000,1.52890000,1.52560000,1.52760000,369.22000000
1570942800,1570946399,1.52740000,1.53610000,1.52530000,1.52920000,406.08000000
1570946400,1570949999,1.52940000,1.52950000,1.52050000,1.52630000,727.07000000
1570950000,1570953599,1.52660000,1.53630000,1.52400000,1.52850000,358.39000000
1570953600,1570957199,1.52810000,1.52870000,1.52050000,1.52180000,439.93000000
1570957200,1570960799,1.52280000,1.53630000,1.49020000,1.49170000,7431.78000000
1570960800,1570964399,1.49420000,1.50530000,1.49170000,1.49600000,860.98000000
1570964400,1570967999,1.49580000,1.50560000,1.49400000,1.49420000,762.80000000
1570968000,1570971599,1.49520000,1.51480000,1.49420000,1.49730000,1453.24000000
1570971600,1570975199,1.50060000,1.51510000,1.49370000,1.50810000,829.53000000
1570975200,1570978799,1.50810000,1.51900000,1.50560000,1.51900000,623.50000000
1570978800,1570982399,1.51910000,1.52580000,1.50300000,1.51750000,1527.69000000
1570982400,1570985999,1.51960000,1.53000000,1.51890000,1.52220000,530.90000000
1570986000,1570989599,1.51910000,1.52870000,1.51250000,1.52250000,429.97000000
1570989600,1570993199,1.51480000,1.52370000,1.51140000,1.51660000,484.51000000
1570993200,1570996799,1.51670000,1.52350000,1.50830000,1.50830000,621.70000000
1570996800,1571000399,1.50920000,1.52180000,1.49310000,1.50460000,532.01000000
1571000400,1571003999,1.50470000,1.50470000,1.49750000,1.50190000,687.15000000
1571004000,1571007599,1.50040000,1.51650000,1.49870000,1.50180000,1757.44000000
1571007600,1571011199,1.51630000,1.51630000,1.49270000,1.49700000,500.63000000
1571011200,1571014799,1.49720000,1.49720000,1.49100000,1.49100000,487.59000000
1571014800,1571018399,1.49160000,1.49410000,1.47810000,1.49030000,436.45000000
1571018400,1571021999,1.49410000,1.50400000,1.48630000,1.48800000,564.24000000
1571022000,1571025599,1.48790000,1.48820000,1.48010000,1.48070000,474.26000000
1571025600,1571029199,1.48050000,1.49150000,1.46230000,1.47190000,2254.79000000
1571029200,1571032799,1.47170000,1.48220000,1.46530000,1.48090000,606.89000000
1571032800,1571036399,1.48090000,1.48390000,1.47170000,1.48230000,511.09000000
1571036400,1571039999,1.48230000,1.48850000,1.48180000,1.48310000,425.87000000
1571040000,1571043599,1.48290000,1.49320000,1.48280000,1.48880000,615.52000000
1571043600,1571047199,1.48840000,1.50190000,1.48660000,1.48810000,360.57000000
1571047200,1571050799,1.48830000,1.49290000,1.48670000,1.49290000,432.81000000
1571050800,1571054399,1.49090000,1.50380000,1.48540000,1.48920000,945.22000000
1571054400,1571057999,1.48880000,1.49310000,1.46870000,1.47100000,642.15000000
1571058000,1571061599,1.47130000,1.49080000,1.46530000,1.48400000,459.72000000
1571061600,1571065199,1.48440000,1.48440000,1.46660000,1.47270000,528.80000000
1571065200,1571068799,1.47240000,1.50390000,1.46550000,1.47490000,5651.40000000
1571068800,1571072399,1.47510000,1.48470000,1.45190000,1.46730000,2262.24000000
1571072400,1571075999,1.46760000,1.48000000,1.45590000,1.46930000,2186.28000000
1571076000,1571079599,1.46970000,1.47770000,1.46280000,1.47370000,1224.09000000
1571079600,1571083199,1.47770000,1.48000000,1.47350000,1.47390000,420.18000000
1571083200,1571086799,1.48000000,1.48320000,1.45690000,1.47090000,1008.84000000
1571086800,1571090399,1.48310000,1.48310000,1.45750000,1.46590000,707.10000000
1571090400,1571093999,1.46570000,1.46970000,1.45890000,1.46680000,797.21000000
1571094000,1571097599,1.46810000,1.48220000,1.46790000,1.47660000,717.43000000
1571097600,1571101199,1.47770000,1.48980000,1.47680000,1.48330000,989.82000000
1571101200,1571104799,1.48330000,1.48990000,1.46680000,1.47290000,576.55000000
1571104800,1571108399,1.47310000,1.49590000,1.46880000,1.47660000,491.50000000
1571108400,1571111999,1.47670000,1.48000000,1.47670000,1.47790000,390.36000000
1571112000,1571115599,1.47770000,1.48720000,1.46880000,1.47700000,626.55000000
1571115600,1571119199,1.47700000,1.48480000,1.46900000,1.47650000,455.01000000
1571119200,1571122799,1.47610000,1.47780000,1.45420000,1.45590000,1564.58000000
1571122800,1571126399,1.45610000,1.46330000,1.45000000,1.45110000,748.45000000
1571126400,1571129999,1.45090000,1.45620000,1.42310000,1.45290000,3662.49000000
1571130000,1571133599,1.44030000,1.45410000,1.43780000,1.44380000,423.88000000
1571133600,1571137199,1.44340000,1.46510000,1.43790000,1.45010000,1000.89000000
1571137200,1571140799,1.46200000,1.46960000,1.44980000,1.45770000,1955.29000000
1571140800,1571144399,1.45740000,1.46960000,1.45550000,1.45910000,449.38000000
1571144400,1571147999,1.45900000,1.50740000,1.45650000,1.48960000,6141.60000000
1571148000,1571151599,1.50730000,1.50790000,1.48130000,1.49230000,5165.37000000
1571151600,1571155199,1.49150000,1.54000000,1.48960000,1.51930000,4108.59000000
1571155200,1571158799,1.52230000,1.52690000,1.47510000,1.47510000,8288.61000000
1571158800,1571162399,1.46990000,1.51110000,1.46860000,1.48490000,966.87000000
1571162400,1571165999,1.48800000,1.50990000,1.47920000,1.49340000,527.87000000
1571166000,1571169599,1.49310000,1.50990000,1.48610000,1.49000000,474.91000000
1571169600,1571173199,1.49030000,1.49410000,1.47420000,1.48900000,5437.27000000
1571173200,1571176799,1.47670000,1.50050000,1.47100000,1.47560000,2794.54000000
1571176800,1571180399,1.47530000,1.48300000,1.46530000,1.47430000,1862.48000000
1571180400,1571183999,1.47460000,1.48300000,1.47040000,1.48300000,1113.55000000
1571184000,1571187599,1.48360000,1.50750000,1.48250000,1.49430000,2212.05000000
1571187600,1571191199,1.49470000,1.49530000,1.49110000,1.49180000,536.65000000
1571191200,1571194799,1.49250000,1.49290000,1.47800000,1.47930000,846.68000000
1571194800,1571198399,1.47930000,1.48040000,1.47800000,1.47910000,2199.28000000
1571198400,1571201999,1.47930000,1.48370000,1.47070000,1.47330000,446.99000000
1571202000,1571205599,1.47350000,1.47490000,1.47000000,1.47110000,1096.32000000
1571205600,1571209199,1.47110000,1.47470000,1.44700000,1.45280000,2087.78000000
1571209200,1571212799,1.45750000,1.45750000,1.44500000,1.44750000,990.76000000
1571212800,1571216399,1.44730000,1.44730000,1.42500000,1.43440000,2198.08000000
1571216400,1571219999,1.43500000,1.43570000,1.42510000,1.43270000,685.80000000
1571220000,1571223599,1.43340000,1.44240000,1.43010000,1.44240000,408.03000000
1571223600,1571227199,1.44620000,1.44620000,1.41500000,1.42160000,1164.26000000
1571227200,1571230799,1.42180000,1.42180000,1.35800000,1.38560000,2642.81000000
1571230800,1571234399,1.38490000,1.41780000,1.38490000,1.40390000,491.38000000
1571234400,1571237999,1.40380000,1.44020000,1.39910000,1.40100000,497.11000000
1571238000,1571241599,1.40310000,1.40320000,1.38820000,1.39070000,488.22000000
1571241600,1571245199,1.39070000,1.41900000,1.38050000,1.40370000,852.39000000
1571245200,1571248799,1.40360000,1.40500000,1.39580000,1.40220000,385.47000000
1571248800,1571252399,1.40220000,1.40630000,1.39380000,1.39650000,526.07000000
1571252400,1571255999,1.39630000,1.42540000,1.39320000,1.41000000,392.36000000
1571256000,1571259599,1.41060000,1.42580000,1.40680000,1.40840000,452.67000000
1571259600,1571263199,1.40840000,1.41150000,1.40740000,1.41050000,415.36000000
1571263200,1571266799,1.41070000,1.42560000,1.40380000,1.41350000,576.48000000
1571266800,1571270399,1.42590000,1.43250000,1.41630000,1.42000000,857.86000000
1571270400,1571273999,1.42000000,1.42330000,1.40000000,1.40670000,724.71000000
1571274000,1571277599,1.40680000,1.41260000,1.39420000,1.39420000,488.95000000
1571277600,1571281199,1.39610000,1.40990000,1.39400000,1.39640000,394.42000000
1571281200,1571284799,1.39910000,1.40990000,1.38270000,1.38710000,923.80000000
1571284800,1571288399,1.38620000,1.39130000,1.38460000,1.39130000,558.52000000
1571288400,1571291999,1.39130000,1.40920000,1.38930000,1.40230000,564.65000000
1571292000,1571295599,1.40270000,1.40440000,1.39690000,1.39910000,583.05000000
1571295600,1571299199,1.39930000,1.40840000,1.38740000,1.38950000,1306.84000000
1571299200,1571302799,1.39370000,1.44620000,1.38570000,1.44620000,7428.32000000
1571302800,1571306399,1.43840000,1.44620000,1.40730000,1.43800000,1709.55000000
1571306400,1571309999,1.43790000,1.44620000,1.42060000,1.43560000,432.56000000
1571310000,1571313599,1.43430000,1.44000000,1.42600000,1.42800000,428.53000000
1571313600,1571317199,1.42800000,1.43340000,1.41670000,1.42450000,415.83000000
1571317200,1571320799,1.42510000,1.43420000,1.42480000,1.42890000,445.83000000
1571320800,1571324399,1.42850000,1.46000000,1.42650000,1.46000000,1175.40000000
1571324400,1571327999,1.46000000,1.47210000,1.45050000,1.45680000,1933.66000000
1571328000,1571331599,1.45670000,1.48000000,1.45610000,1.47160000,2113.68000000
1571331600,1571335199,1.47420000,1.47990000,1.46030000,1.46260000,640.41000000
1571335200,1571338799,1.46320000,1.47980000,1.45800000,1.46570000,972.21000000
1571338800,1571342399,1.46580000,1.47040000,1.46070000,1.46340000,2596.53000000
1571342400,1571345999,1.46460000,1.48000000,1.45610000,1.45740000,4027.65000000
1571346000,1571349599,1.45740000,1.46280000,1.45740000,1.46250000,388.85000000
1571349600,1571353199,1.46250000,1.47390000,1.46000000,1.46230000,483.16000000
1571353200,1571356799,1.46230000,1.47380000,1.46030000,1.46040000,381.42000000
1571356800,1571360399,1.46080000,1.46370000,1.46040000,1.46320000,398.19000000
1571360400,1571363999,1.46340000,1.47500000,1.46020000,1.46410000,444.22000000
1571364000,1571367599,1.46440000,1.47090000,1.45630000,1.46100000,903.82000000
1571367600,1571371199,1.46100000,1.46110000,1.45190000,1.45390000,764.57000000
1571371200,1571374799,1.45420000,1.45600000,1.44040000,1.44880000,558.53000000
1571374800,1571378399,1.44870000,1.44990000,1.39990000,1.40140000,7064.50000000
1571378400,1571381999,1.38990000,1.40890000,1.38990000,1.40890000,1040.20000000
1571382000,1571385599,1.39870000,1.40830000,1.39460000,1.39460000,383.80000000
1571385600,1571389199,1.39490000,1.40230000,1.35750000,1.36770000,1736.99000000
1571389200,1571392799,1.37760000,1.39660000,1.36880000,1.37900000,612.95000000
1571392800,1571396399,1.37970000,1.39540000,1.37400000,1.39460000,652.36000000
1571396400,1571399999,1.37750000,1.40000000,1.36990000,1.39040000,592.24000000
1571400000,1571403599,1.39060000,1.41850000,1.38940000,1.41210000,1210.56000000
1571403600,1571407199,1.41190000,1.41190000,1.39100000,1.40030000,968.14000000
1571407200,1571410799,1.40000000,1.40000000,1.38870000,1.39250000,662.11000000
1571410800,1571414399,1.39240000,1.41850000,1.39240000,1.40740000,381.74000000
1571414400,1571417999,1.40710000,1.41840000,1.40450000,1.40520000,379.53000000
1571418000,1571421599,1.40520000,1.40790000,1.40180000,1.40510000,400.96000000
1571421600,1571425199,1.40550000,1.40970000,1.40410000,1.40410000,461.91000000
1571425200,1571428799,1.40430000,1.41850000,1.40430000,1.40640000,1129.01000000
1571428800,1571432399,1.40620000,1.40740000,1.40340000,1.40550000,436.55000000
1571432400,1571435999,1.40540000,1.40570000,1.40500000,1.40560000,350.73000000
1571436000,1571439599,1.40520000,1.41160000,1.40020000,1.40320000,438.41000000
1571439600,1571443199,1.40320000,1.40520000,1.40090000,1.40320000,377.91000000
1571443200,1571446799,1.40340000,1.41160000,1.39350000,1.39500000,394.28000000
1571446800,1571450399,1.39690000,1.40000000,1.39570000,1.39830000,370.60000000
1571450400,1571453999,1.39790000,1.41190000,1.39590000,1.40190000,403.75000000
1571454000,1571457599,1.40230000,1.40240000,1.39400000,1.39660000,442.52000000
1571457600,1571461199,1.39670000,1.41230000,1.38890000,1.39600000,1426.01000000
1571461200,1571464799,1.39620000,1.39690000,1.39320000,1.39460000,353.80000000
1571464800,1571468399,1.39440000,1.40090000,1.38660000,1.40060000,962.36000000
1571468400,1571471999,1.40050000,1.40950000,1.39860000,1.39940000,485.80000000
1571472000,1571475599,1.39940000,1.42570000,1.39880000,1.40720000,642.88000000
1571475600,1571479199,1.40720000,1.40720000,1.39910000,1.40090000,582.31000000
1571479200,1571482799,1.40090000,1.41640000,1.40030000,1.40870000,401.24000000
1571482800,1571486399,1.42260000,1.42300000,1.40680000,1.41070000,513.00000000
1571486400,1571489999,1.41100000,1.42110000,1.39510000,1.41460000,908.96000000
1571490000,1571493599,1.40880000,1.42580000,1.40880000,1.41300000,479.00000000
1571493600,1571497199,1.41290000,1.41940000,1.41110000,1.41390000,1434.83000000
1571497200,1571500799,1.41370000,1.41390000,1.40390000,1.40570000,2440.43000000
1571500800,1571504399,1.40580000,1.40580000,1.39330000,1.39730000,1560.77000000
1571504400,1571507999,1.39680000,1.40050000,1.39330000,1.39930000,412.61000000
1571508000,1571511599,1.39950000,1.41170000,1.39950000,1.40370000,364.93000000
1571511600,1571515199,1.40370000,1.40370000,1.39970000,1.40230000,411.83000000
1571515200,1571518799,1.40200000,1.40410000,1.39830000,1.40210000,413.31000000
1571518800,1571522399,1.40110000,1.41390000,1.40060000,1.40500000,367.54000000
1571522400,1571525999,1.40460000,1.42420000,1.40450000,1.41150000,489.79000000
1571526000,1571529599,1.41100000,1.42390000,1.40860000,1.41220000,3676.50000000
1571529600,1571533199,1.41410000,1.42450000,1.40650000,1.40980000,493.31000000
1571533200,1571536799,1.40970000,1.40970000,1.39800000,1.40010000,931.80000000
1571536800,1571540399,1.40010000,1.40030000,1.39550000,1.39550000,789.91000000
1571540400,1571543999,1.39580000,1.39590000,1.39510000,1.39560000,347.37000000
1571544000,1571547599,1.39560000,1.39910000,1.38280000,1.39000000,660.76000000
1571547600,1571551199,1.39030000,1.39690000,1.38540000,1.38800000,378.19000000
1571551200,1571554799,1.38990000,1.39910000,1.38800000,1.39240000,393.82000000
1571554800,1571558399,1.39080000,1.42440000,1.37720000,1.38710000,1297.16000000
1571558400,1571561999,1.38710000,1.42420000,1.38200000,1.39480000,388.98000000
1571562000,1571565599,1.39610000,1.42180000,1.39100000,1.39560000,594.41000000
1571565600,1571569199,1.39550000,1.41670000,1.39070000,1.40270000,626.77000000
1571569200,1571572799,1.40270000,1.40570000,1.39220000,1.39370000,861.97000000
1571572800,1571576399,1.40500000,1.41690000,1.39330000,1.40100000,554.60000000
1571576400,1571579999,1.40090000,1.41350000,1.38890000,1.39720000,419.53000000
1571580000,1571583599,1.39690000,1.41350000,1.39650000,1.40270000,613.72000000
1571583600,1571587199,1.40320000,1.40710000,1.40260000,1.40670000,384.65000000
1571587200,1571590799,1.40530000,1.40800000,1.38420000,1.39310000,6177.47000000
1571590800,1571594399,1.39350000,1.40540000,1.37980000,1.39580000,1631.77000000
1571594400,1571597999,1.40100000,1.41030000,1.39160000,1.39480000,809.84000000
1571598000,1571601599,1.39570000,1.40750000,1.39310000,1.39450000,546.54000000
1571601600,1571605199,1.39350000,1.41110000,1.37790000,1.39180000,971.22000000
1571605200,1571608799,1.39220000,1.40060000,1.39220000,1.39990000,551.26000000
1571608800,1571612399,1.40890000,1.41350000,1.39990000,1.40930000,472.22000000
1571612400,1571615999,1.40870000,1.41070000,1.40020000,1.40780000,415.88000000
1571616000,1571619599,1.40790000,1.40800000,1.40670000,1.40720000,369.39000000
1571619600,1571623199,1.40700000,1.40900000,1.40510000,1.40740000,419.14000000
1571623200,1571626799,1.40780000,1.40790000,1.40310000,1.40710000,397.91000000
1571626800,1571630399,1.40700000,1.40710000,1.40540000,1.40680000,429.36000000
1571630400,1571633999,1.40650000,1.40840000,1.40340000,1.40660000,383.90000000
1571634000,1571637599,1.40700000,1.41350000,1.40680000,1.40820000,385.39000000
1571637600,1571641199,1.40830000,1.41350000,1.40220000,1.40380000,513.57000000
1571641200,1571644799,1.40380000,1.40400000,1.37970000,1.39900000,1891.31000000
1571644800,1571648399,1.39890000,1.40340000,1.39500000,1.39630000,582.12000000
1571648400,1571651999,1.39630000,1.40760000,1.39470000,1.40670000,452.02000000
1571652000,1571655599,1.40060000,1.41770000,1.39880000,1.40630000,1822.02000000
1571655600,1571659199,1.40780000,1.41780000,1.40780000,1.41780000,2182.44000000
1571659200,1571662799,1.41300000,1.42080000,1.41300000,1.41540000,958.93000000
1571662800,1571666399,1.41610000,1.42420000,1.41460000,1.42420000,610.18000000
1571666400,1571669999,1.41620000,1.42420000,1.41210000,1.41510000,649.81000000
1571670000,1571673599,1.41680000,1.42430000,1.39000000,1.39220000,800.58000000
1571673600,1571677199,1.39410000,1.40710000,1.37760000,1.38960000,1071.13000000
1571677200,1571680799,1.38910000,1.40560000,1.38910000,1.40220000,465.67000000
1571680800,1571684399,1.40210000,1.40560000,1.38920000,1.39980000,774.14000000
1571684400,1571687999,1.39950000,1.40560000,1.39920000,1.40240000,368.35000000
1571688000,1571691599,1.40320000,1.40690000,1.40320000,1.40350000,459.78000000
1571691600,1571695199,1.40340000,1.40360000,1.39060000,1.39140000,1508.33000000
1571695200,1571698799,1.39170000,1.39440000,1.39170000,1.39420000,395.14000000
1571698800,1571702399,1.39380000,1.39620000,1.39060000,1.39560000,448.84000000
1571702400,1571705999,1.39550000,1.39740000,1.39090000,1.39190000,594.59000000
1571706000,1571709599,1.39190000,1.39720000,1.39190000,1.39410000,363.82000000
1571709600,1571713199,1.39420000,1.39610000,1.38810000,1.39590000,358.17000000
1571713200,1571716799,1.39570000,1.41280000,1.39550000,1.40350000,754.10000000
1571716800,1571720399,1.40330000,1.41280000,1.39570000,1.39920000,567.75000000
1571720400,1571723999,1.39920000,1.41200000,1.39400000,1.39620000,526.75000000
1571724000,1571727599,1.39680000,1.39760000,1.39300000,1.39360000,397.92000000
1571727600,1571731199,1.39360000,1.39760000,1.38600000,1.38710000,523.06000000
1571731200,1571734799,1.38840000,1.39390000,1.38710000,1.39230000,440.89000000
1571734800,1571738399,1.39480000,1.39990000,1.39370000,1.39900000,366.24000000
1571738400,1571741999,1.39960000,1.39970000,1.38000000,1.38810000,1054.94000000
1571742000,1571745599,1.38780000,1.39680000,1.38760000,1.39140000,362.43000000
1571745600,1571749199,1.39110000,1.39390000,1.38810000,1.38840000,383.87000000
1571749200,1571752799,1.38860000,1.39080000,1.38430000,1.38710000,390.62000000
1571752800,1571756399,1.38900000,1.40270000,1.38760000,1.38890000,436.68000000
1571756400,1571759999,1.38890000,1.40600000,1.38350000,1.39450000,456.99000000
1571760000,1571763599,1.39680000,1.40410000,1.38840000,1.38960000,937.75000000
1571763600,1571767199,1.38920000,1.38960000,1.38070000,1.38280000,418.43000000
1571767200,1571770799,1.38280000,1.38750000,1.38270000,1.38550000,378.05000000
1571770800,1571774399,1.38580000,1.39900000,1.38280000,1.38320000,574.95000000
1571774400,1571777999,1.38270000,1.39330000,1.35840000,1.38420000,3126.68000000
1571778000,1571781599,1.38450000,1.39840000,1.37770000,1.38820000,391.00000000
1571781600,1571785199,1.38200000,1.48500000,1.35930000,1.36950000,4743.36000000
1571785200,1571788799,1.36910000,1.66220000,1.34950000,1.39800000,76840.72000000
1571788800,1571792399,1.39740000,1.39830000,1.38780000,1.39270000,2741.83000000
1571792400,1571795999,1.39720000,1.43020000,1.37730000,1.41000000,2440.74000000
1571796000,1571799599,1.39910000,1.42780000,1.38950000,1.39350000,523.22000000
1571799600,1571803199,1.39290000,1.39470000,1.34290000,1.35300000,1823.51000000
1571803200,1571806799,1.35300000,1.36160000,1.34680000,1.35590000,459.07000000
1571806800,1571810399,1.35920000,1.37980000,1.32730000,1.33960000,1024.47000000
1571810400,1571813999,1.33940000,1.36790000,1.33890000,1.34620000,658.83000000
1571814000,1571817599,1.35060000,1.35650000,1.34320000,1.34540000,498.47000000
1571817600,1571821199,1.34610000,1.37110000,1.34550000,1.35510000,425.13000000
1571821200,1571824799,1.35510000,1.36790000,1.35480000,1.35980000,367.24000000
1571824800,1571828399,1.36020000,1.37040000,1.35370000,1.35370000,529.08000000
1571828400,1571831999,1.35350000,1.35360000,1.34330000,1.34360000,417.88000000
1571832000,1571835599,1.34540000,1.35320000,1.25500000,1.26280000,12491.13000000
1571835600,1571839199,1.26140000,1.29940000,1.22830000,1.26400000,5089.56000000
1571839200,1571842799,1.26550000,1.28720000,1.25470000,1.27960000,3828.61000000
1571842800,1571846399,1.27970000,1.28700000,1.26450000,1.27140000,456.31000000
1571846400,1571849999,1.27090000,1.27090000,1.23120000,1.26060000,4102.09000000
1571850000,1571853599,1.26050000,1.26890000,1.25110000,1.25670000,373.01000000
1571853600,1571857199,1.25680000,1.26920000,1.25680000,1.26480000,403.52000000
1571857200,1571860799,1.26580000,1.27000000,1.26000000,1.26150000,672.47000000
1571860800,1571864399,1.26150000,1.26150000,1.25680000,1.25940000,448.33000000
1571864400,1571867999,1.25940000,1.26320000,1.25110000,1.25590000,665.30000000
1571868000,1571871599,1.25230000,1.25660000,1.24600000,1.25070000,1167.61000000
1571871600,1571875199,1.25180000,1.27160000,1.25060000,1.26710000,405.28000000
1571875200,1571878799,1.26870000,1.27490000,1.26850000,1.27170000,156.19000000
1571878800,1571882399,1.26900000,1.28000000,1.26710000,1.27580000,52.58000000
1571882400,1571885999,1.26750000,1.27540000,1.26320000,1.26550000,472.31000000
1571886000,1571889599,1.26890000,1.26890000,1.25190000,1.25420000,504.30000000
1571889600,1571893199,1.25430000,1.28300000,1.25390000,1.26170000,380.62000000
1571893200,1571896799,1.26200000,1.28980000,1.26200000,1.26860000,405.87000000
1571896800,1571900399,1.27140000,1.28560000,1.25430000,1.25740000,469.62000000
1571900400,1571903999,1.25720000,1.28220000,1.25540000,1.26420000,393.22000000
1571904000,1571907599,1.26610000,1.28960000,1.26370000,1.26910000,348.69000000
1571907600,1571911199,1.27060000,1.28660000,1.26400000,1.26870000,424.82000000
1571911200,1571914799,1.26950000,1.28140000,1.26570000,1.26660000,535.07000000
1571914800,1571918399,1.26780000,1.27440000,1.26300000,1.26880000,1217.36000000
1571918400,1571921999,1.26900000,1.28100000,1.26820000,1.27570000,416.54000000
1571922000,1571925599,1.27590000,1.28310000,1.27210000,1.28250000,387.59000000
1571925600,1571929199,1.28220000,1.29320000,1.28220000,1.28430000,717.02000000
1571929200,1571932799,1.28540000,1.28550000,1.27870000,1.28350000,750.39000000
1571932800,1571936399,1.28370000,1.28530000,1.28110000,1.28530000,492.76000000
1571936400,1571939999,1.28350000,1.29160000,1.27930000,1.28190000,511.39000000
1571940000,1571943599,1.28190000,1.30150000,1.28050000,1.28250000,570.64000000
1571943600,1571947199,1.28290000,1.28550000,1.28290000,1.28480000,358.99000000
1571947200,1571950799,1.28560000,1.29360000,1.27280000,1.28260000,586.99000000
1571950800,1571954399,1.28280000,1.29250000,1.28270000,1.28670000,554.56000000
1571954400,1571957999,1.28640000,1.30060000,1.28640000,1.29030000,398.64000000
1571958000,1571961599,1.29020000,1.32120000,1.28910000,1.30860000,1033.73000000
1571961600,1571965199,1.30950000,1.32120000,1.29300000,1.29760000,610.58000000
1571965200,1571968799,1.29720000,1.30110000,1.28420000,1.28750000,562.51000000
1571968800,1571972399,1.28750000,1.28830000,1.25000000,1.27500000,9795.93000000
1571972400,1571975999,1.26460000,1.27930000,1.26250000,1.27100000,1661.70000000
1571976000,1571979599,1.27290000,1.28630000,1.25330000,1.26420000,547.46000000
1571979600,1571983199,1.27240000,1.27240000,1.24970000,1.26460000,665.87000000
1571983200,1571986799,1.26430000,1.26900000,1.26340000,1.26450000,407.31000000
1571986800,1571990399,1.26460000,1.28090000,1.26440000,1.27150000,402.26000000
1571990400,1571993999,1.27160000,1.27670000,1.27130000,1.27300000,378.14000000
1571994000,1571997599,1.27300000,1.27880000,1.26910000,1.27880000,599.97000000
1571997600,1572001199,1.27690000,1.29490000,1.27080000,1.28710000,612.42000000
1572001200,1572004799,1.28880000,1.32640000,1.24780000,1.28850000,7055.69000000
1572004800,1572008399,1.29460000,1.30670000,1.28770000,1.29550000,543.56000000
1572008400,1572011999,1.29680000,1.30670000,1.29170000,1.30260000,413.50000000
1572012000,1572015599,1.30250000,1.31800000,1.30250000,1.31730000,466.30000000
1572015600,1572019199,1.31730000,1.41800000,1.30310000,1.36050000,3267.41000000
1572019200,1572022799,1.34820000,1.41720000,1.34720000,1.39140000,1538.60000000
1572022800,1572026399,1.38090000,1.42940000,1.38090000,1.38740000,16977.42000000
1572026400,1572029999,1.38770000,1.42320000,1.37850000,1.41200000,5690.72000000
1572030000,1572033599,1.41200000,1.41200000,1.38760000,1.40220000,2919.61000000
1572033600,1572037199,1.40260000,1.41770000,1.39820000,1.40560000,508.64000000
1572037200,1572040799,1.40570000,1.41990000,1.40150000,1.40680000,1567.82000000
1572040800,1572044399,1.40670000,1.42400000,1.40650000,1.41390000,5987.93000000
1572044400,1572047999,1.41380000,1.42400000,1.40720000,1.42400000,4401.19000000
1572048000,1572051599,1.42190000,1.55000000,1.41950000,1.50240000,4271.58000000
1572051600,1572055199,1.50220000,1.57540000,1.47380000,1.54300000,22509.19000000
1572055200,1572058799,1.54440000,1.59270000,1.47700000,1.47800000,2002.92000000
1572058800,1572062399,1.48040000,1.50920000,1.46030000,1.49370000,1289.31000000
1572062400,1572065999,1.49700000,1.56430000,1.48610000,1.53040000,830.57000000
1572066000,1572069599,1.53040000,1.54340000,1.50740000,1.50990000,1137.20000000
1572069600,1572073199,1.51510000,1.56270000,1.48230000,1.50560000,1522.95000000
1572073200,1572076799,1.50620000,1.53000000,1.48420000,1.49030000,2084.31000000
1572076800,1572080399,1.49030000,1.49030000,1.45310000,1.46360000,485.24000000
1572080400,1572083999,1.46380000,1.46380000,1.40150000,1.43840000,797.69000000
1572084000,1572087599,1.44140000,1.48960000,1.42910000,1.44120000,501.75000000
1572087600,1572091199,1.44120000,1.46160000,1.43750000,1.45650000,2694.35000000
1572091200,1572094799,1.44340000,1.46030000,1.44130000,1.44820000,1037.63000000
1572094800,1572098399,1.44810000,1.45890000,1.42030000,1.42660000,551.83000000
1572098400,1572101999,1.42850000,1.45830000,1.41800000,1.42390000,2970.31000000
1572102000,1572105599,1.42430000,1.47830000,1.42430000,1.43650000,476.41000000
1572105600,1572109199,1.43640000,1.43650000,1.41930000,1.42620000,423.11000000
1572109200,1572112799,1.42640000,1.43320000,1.41140000,1.41970000,502.35000000
1572112800,1572116399,1.41970000,1.42980000,1.39970000,1.40780000,679.54000000
1572116400,1572119999,1.42970000,1.42970000,1.40200000,1.40990000,537.90000000
1572120000,1572123599,1.41050000,1.41480000,1.40750000,1.41180000,2422.50000000
1572123600,1572127199,1.41160000,1.42580000,1.40570000,1.40740000,507.37000000
1572127200,1572130799,1.40740000,1.41430000,1.38610000,1.38680000,563.22000000
1572130800,1572134399,1.38770000,1.41390000,1.38180000,1.40240000,594.66000000
1572134400,1572137999,1.40250000,1.42970000,1.40230000,1.41070000,596.23000000
1572138000,1572141599,1.41120000,1.41400000,1.37650000,1.38290000,715.67000000
1572141600,1572145199,1.38760000,1.39500000,1.37940000,1.38670000,466.18000000
1572145200,1572148799,1.38660000,1.39880000,1.38380000,1.38830000,395.07000000
1572148800,1572152399,1.38830000,1.41350000,1.37950000,1.38620000,578.62000000
1572152400,1572155999,1.38620000,1.41400000,1.38590000,1.40080000,679.32000000
1572156000,1572159599,1.39780000,1.39970000,1.38940000,1.39530000,465.26000000
1572159600,1572163199,1.40880000,1.44350000,1.39720000,1.41300000,1712.59000000
1572163200,1572166799,1.41310000,1.51920000,1.41310000,1.42200000,2659.46000000
1572166800,1572170399,1.42170000,1.47990000,1.42170000,1.44530000,3116.82000000
1572170400,1572173999,1.47450000,1.59260000,1.44610000,1.54000000,19511.45000000
1572174000,1572177599,1.54000000,1.66970000,1.51220000,1.53460000,13651.99000000
1572177600,1572181199,1.52160000,1.54600000,1.50590000,1.52240000,3888.14000000
1572181200,1572184799,1.52520000,1.66880000,1.52520000,1.59990000,3426.07000000
1572184800,1572188399,1.61610000,1.84760000,1.61610000,1.79050000,11185.85000000
1572188400,1572191999,1.79200000,1.82500000,1.70040000,1.79260000,9299.22000000
1572192000,1572195599,1.79260000,1.84720000,1.71750000,1.76950000,11323.90000000
1572195600,1572199199,1.80830000,1.83020000,1.69050000,1.71520000,6727.98000000
1572199200,1572202799,1.71070000,1.76840000,1.70000000,1.75170000,5566.89000000
1572202800,1572206399,1.74990000,1.76710000,1.71180000,1.74400000,1651.81000000
1572206400,1572209999,1.71770000,1.74990000,1.70440000,1.73900000,1038.74000000
1572210000,1572213599,1.71940000,1.74520000,1.71270000,1.73520000,505.10000000
1572213600,1572217199,1.73180000,1.79920000,1.72270000,1.75250000,5370.34000000
1572217200,1572220799,1.75290000,1.78970000,1.71260000,1.74950000,3291.38000000
1572220800,1572224399,1.75390000,2.34190000,1.75390000,1.93880000,26442.58000000
1572224400,1572227999,1.95850000,2.03560000,1.88970000,1.88970000,39463.07000000
1572228000,1572231599,1.88980000,2.04270000,1.86880000,2.01030000,11771.82000000
1572231600,1572235199,2.01030000,2.04230000,1.89520000,1.94960000,8428.53000000
1572235200,1572238799,1.94950000,1.96100000,1.88330000,1.94990000,4835.72000000
1572238800,1572242399,1.94990000,1.95000000,1.88880000,1.91730000,1825.70000000
1572242400,1572245999,1.89240000,1.91730000,1.73000000,1.78120000,47014.56000000
1572246000,1572249599,1.78130000,1.86060000,1.74740000,1.82930000,15807.14000000
1572249600,1572253199,1.82930000,1.82930000,1.75870000,1.80000000,1364.91000000
1572253200,1572256799,1.79000000,1.83900000,1.76730000,1.83900000,3655.96000000
1572256800,1572260399,1.85190000,1.88890000,1.79570000,1.87900000,9465.21000000
1572260400,1572263999,1.85080000,1.93870000,1.85080000,1.92030000,5938.38000000
1572264000,1572267599,1.92220000,1.94610000,1.80490000,1.83630000,12280.71000000
1572267600,1572271199,1.81320000,1.83960000,1.78300000,1.81470000,6207.34000000
1572271200,1572274799,1.81470000,1.81470000,1.75000000,1.77450000,8883.17000000
1572274800,1572278399,1.77920000,1.82000000,1.77350000,1.80990000,5685.55000000
1572278400,1572281999,1.81000000,1.82000000,1.73000000,1.74200000,5385.81000000
1572282000,1572285599,1.74290000,1.74290000,1.70530000,1.71700000,4393.30000000
1572285600,1572289199,1.71690000,1.76470000,1.71510000,1.73230000,3929.29000000
1572289200,1572292799,1.73230000,1.75790000,1.71670000,1.72830000,3616.39000000
1572292800,1572296399,1.75670000,1.75670000,1.72600000,1.73170000,3678.69000000
1572296400,1572299999,1.73330000,1.78700000,1.73230000,1.73630000,4066.67000000
1572300000,1572303599,1.74260000,1.76320000,1.73760000,1.75250000,4002.97000000
1572303600,1572307199,1.75630000,1.85070000,1.74510000,1.75420000,7140.22000000
1572307200,1572310799,1.74750000,1.79530000,1.73870000,1.75880000,4235.33000000
1572310800,1572314399,1.75870000,1.75870000,1.72410000,1.73760000,4364.62000000
1572314400,1572317999,1.75500000,1.75500000,1.71670000,1.71850000,3824.42000000
1572318000,1572321599,1.71850000,1.71850000,1.67430000,1.69840000,7098.03000000
1572321600,1572325199,1.70430000,1.75810000,1.69860000,1.74080000,3125.50000000
1572325200,1572328799,1.74080000,1.78890000,1.74080000,1.74130000,4862.01000000
1572328800,1572332399,1.74180000,1.75530000,1.74130000,1.74160000,4828.06000000
1572332400,1572335999,1.74180000,1.75530000,1.73010000,1.74850000,3068.58000000
1572336000,1572339599,1.74850000,1.78000000,1.73430000,1.73860000,3223.24000000
1572339600,1572343199,1.73660000,1.73680000,1.70420000,1.71050000,4684.52000000
1572343200,1572346799,1.71070000,1.74570000,1.70910000,1.73870000,5238.37000000
1572346800,1572350399,1.73870000,1.73870000,1.72070000,1.72720000,4203.48000000
1572350400,1572353999,1.72910000,1.73640000,1.71690000,1.72910000,11376.53000000
1572354000,1572357599,1.72990000,1.73640000,1.70870000,1.72830000,16353.10000000
1572357600,1572361199,1.72880000,1.77990000,1.72600000,1.77940000,8111.54000000
1572361200,1572364799,1.75550000,1.77970000,1.74640000,1.74840000,8071.65000000
1572364800,1572368399,1.74830000,1.75620000,1.74180000,1.74550000,4469.96000000
1572368400,1572371999,1.74540000,1.81000000,1.74170000,1.78350000,4998.65000000
1572372000,1572375599,1.78370000,1.80740000,1.75950000,1.76480000,5572.92000000
1572375600,1572379199,1.76480000,1.78800000,1.74490000,1.77770000,8426.51000000
1572379200,1572382799,1.75690000,1.77860000,1.74110000,1.76370000,6139.52000000
1572382800,1572386399,1.76430000,1.76430000,1.74380000,1.74410000,4981.19000000
1572386400,1572389999,1.74400000,1.77880000,1.74320000,1.76430000,4302.65000000
1572390000,1572393599,1.76440000,1.77920000,1.75510000,1.76250000,5206.62000000
1572393600,1572397199,1.77430000,1.77430000,1.74620000,1.74900000,4621.11000000
1572397200,1572400799,1.74900000,1.75790000,1.70970000,1.74500000,7154.38000000
1572400800,1572404399,1.74750000,1.74770000,1.73330000,1.73380000,4646.56000000
1572404400,1572407999,1.73380000,1.74000000,1.72450000,1.72550000,4984.46000000
1572408000,1572411599,1.72570000,1.74330000,1.71070000,1.71130000,4477.71000000
1572411600,1572415199,1.71160000,1.71160000,1.62540000,1.65400000,11895.06000000
1572415200,1572418799,1.65440000,1.67160000,1.64470000,1.65780000,6541.42000000
1572418800,1572422399,1.65780000,1.71830000,1.65500000,1.70320000,6959.63000000
1572422400,1572425999,1.70050000,1.77920000,1.67740000,1.67740000,7614.37000000
1572426000,1572429599,1.67720000,1.72540000,1.67720000,1.71400000,4694.78000000
1572429600,1572433199,1.71030000,1.72530000,1.66050000,1.66640000,6193.63000000
1572433200,1572436799,1.66690000,1.68170000,1.64580000,1.68170000,5316.98000000
1572436800,1572440399,1.66800000,1.69890000,1.66800000,1.69890000,5922.30000000
1572440400,1572443999,1.68580000,1.69930000,1.66100000,1.66430000,4590.38000000
1572444000,1572447599,1.66460000,1.68620000,1.65900000,1.66500000,4919.44000000
1572447600,1572451199,1.66590000,1.66990000,1.65490000,1.65860000,4794.88000000
1572451200,1572454799,1.66100000,1.68180000,1.64580000,1.65680000,6140.64000000
1572454800,1572458399,1.65690000,1.66810000,1.65570000,1.66350000,4276.78000000
1572458400,1572461999,1.66250000,1.67050000,1.66230000,1.67030000,3659.92000000
1572462000,1572465599,1.67690000,1.68670000,1.67020000,1.68670000,4273.75000000
1572465600,1572469199,1.68300000,1.71780000,1.67810000,1.68710000,3868.21000000
1572469200,1572472799,1.68930000,1.69660000,1.68590000,1.68850000,5192.29000000
1572472800,1572476399,1.68900000,1.69660000,1.67810000,1.69610000,5035.61000000
1572476400,1572479999,1.68300000,1.69610000,1.68300000,1.68370000,4167.64000000
1572480000,1572483599,1.68410000,1.72080000,1.67810000,1.68880000,4563.09000000
1572483600,1572487199,1.68900000,1.69250000,1.65260000,1.65260000,5814.92000000
1572487200,1572490799,1.65760000,1.68400000,1.62610000,1.66720000,8170.39000000
1572490800,1572494399,1.66610000,1.72460000,1.66510000,1.68230000,4991.22000000
1572494400,1572497999,1.68180000,1.72400000,1.67290000,1.68120000,5159.72000000
1572498000,1572501599,1.68080000,1.70680000,1.67430000,1.69090000,4101.76000000
1572501600,1572505199,1.69200000,1.69460000,1.67970000,1.68800000,4017.05000000
1572505200,1572508799,1.68800000,1.68800000,1.66630000,1.66900000,4576.44000000
1572508800,1572512399,1.66900000,1.68500000,1.66240000,1.67680000,4432.82000000
1572512400,1572515999,1.67690000,1.67690000,1.63710000,1.63860000,5035.66000000
1572516000,1572519599,1.63890000,1.66110000,1.61310000,1.65430000,6862.55000000
1572519600,1572523199,1.65570000,1.66110000,1.64500000,1.65100000,4854.35000000
1572523200,1572526799,1.66110000,1.70000000,1.65290000,1.68690000,6334.03000000
1572526800,1572530399,1.68720000,1.69840000,1.67690000,1.68420000,4578.05000000
1572530400,1572533999,1.68430000,1.68650000,1.67570000,1.67710000,4410.89000000
1572534000,1572537599,1.68160000,1.69060000,1.66900000,1.67080000,4241.93000000
1572537600,1572541199,1.67140000,1.81000000,1.67140000,1.76210000,16560.45000000
1572541200,1572544799,1.77980000,1.81480000,1.74740000,1.75220000,11138.08000000
1572544800,1572548399,1.75220000,1.77390000,1.74140000,1.75580000,5398.68000000
1572548400,1572551999,1.75600000,1.78940000,1.75420000,1.75670000,4930.14000000
1572552000,1572555599,1.75900000,1.76920000,1.73740000,1.74120000,4458.88000000
1572555600,1572559199,1.74800000,1.74800000,1.71740000,1.73090000,4773.86000000
1572559200,1572562799,1.73100000,1.74030000,1.71740000,1.72250000,4835.89000000
1572562800,1572566399,1.72250000,1.74800000,1.72190000,1.74030000,4786.42000000
1572566400,1572569999,1.74050000,1.74800000,1.56740000,1.71250000,15387.95000000
1572570000,1572573599,1.71250000,1.73850000,1.70490000,1.71920000,4863.65000000
1572573600,1572577199,1.71900000,1.73230000,1.69820000,1.70480000,5129.69000000
1572577200,1572580799,1.70630000,1.72410000,1.67670000,1.68100000,5682.34000000
1572580800,1572584399,1.68150000,1.73500000,1.67670000,1.68480000,4405.30000000
1572584400,1572587999,1.68460000,1.72880000,1.68460000,1.69390000,4107.77000000
1572588000,1572591599,1.69400000,1.72130000,1.69300000,1.70890000,4633.96000000
1572591600,1572595199,1.71030000,1.73500000,1.70710000,1.71220000,6155.67000000
1572595200,1572598799,1.71220000,1.71650000,1.69650000,1.70470000,7460.97000000
1572598800,1572602399,1.70470000,1.70480000,1.68490000,1.69060000,7008.68000000
1572602400,1572605999,1.69080000,1.74030000,1.69080000,1.73020000,6995.69000000
1572606000,1572609599,1.73360000,1.74790000,1.72000000,1.72320000,7777.60000000
1572609600,1572613199,1.72300000,1.72800000,1.71270000,1.72740000,6228.90000000
1572613200,1572616799,1.72800000,1.74550000,1.70480000,1.71240000,7148.25000000
1572616800,1572620399,1.71250000,1.71750000,1.70480000,1.71420000,6596.17000000
1572620400,1572623999,1.71420000,1.74550000,1.70710000,1.71360000,7037.03000000
1572624000,1572627599,1.71680000,1.77190000,1.70480000,1.75200000,9308.63000000
1572627600,1572631199,1.77160000,1.80220000,1.74630000,1.79540000,7932.83000000
1572631200,1572634799,1.78780000,1.87010000,1.78780000,1.82150000,15141.56000000
1572634800,1572638399,1.82150000,1.87020000,1.79910000,1.80590000,11119.74000000
1572638400,1572641999,1.80550000,1.87020000,1.80550000,1.83990000,10789.03000000
1572642000,1572645599,1.84020000,1.91470000,1.83960000,1.89000000,11106.85000000
1572645600,1572649199,1.89000000,1.91220000,1.83460000,1.85300000,11229.42000000
1572649200,1572652799,1.86800000,1.87680000,1.80570000,1.80970000,7693.36000000
1572652800,1572656399,1.82450000,1.87680000,1.80990000,1.84430000,7019.11000000
1572656400,1572659999,1.84270000,1.86970000,1.84000000,1.84230000,7101.34000000
1572660000,1572663599,1.84250000,1.85400000,1.83870000,1.84900000,7134.23000000
1572663600,1572667199,1.84930000,1.87710000,1.83930000,1.87020000,8145.94000000
1572667200,1572670799,1.86730000,1.90460000,1.86480000,1.86520000,8198.89000000
1572670800,1572674399,1.86640000,1.87350000,1.83870000,1.83980000,6906.56000000
1572674400,1572677999,1.83970000,1.93730000,1.83210000,1.85320000,8839.31000000
1572678000,1572681599,1.85350000,1.87240000,1.84170000,1.85300000,7939.95000000
1572681600,1572685199,1.85350000,1.86530000,1.83330000,1.83450000,7006.07000000
1572685200,1572688799,1.83440000,1.85300000,1.82900000,1.84450000,7319.76000000
1572688800,1572692399,1.85300000,1.86240000,1.83410000,1.84080000,7923.85000000
1572692400,1572695999,1.85300000,1.86500000,1.84060000,1.85030000,7763.81000000
1572696000,1572699599,1.85020000,1.85660000,1.83950000,1.85660000,6386.04000000
1572699600,1572703199,1.85080000,1.88980000,1.85080000,1.87320000,8326.02000000
1572703200,1572706799,1.87290000,1.90270000,1.84940000,1.88570000,13614.98000000
1572706800,1572710399,1.88420000,1.99970000,1.87670000,1.92670000,21823.61000000
1572710400,1572713999,1.93510000,1.94240000,1.90000000,1.91540000,8611.97000000
1572714000,1572717599,1.91560000,1.92630000,1.88620000,1.89070000,10621.58000000
1572717600,1572721199,1.88990000,1.91040000,1.80200000,1.86560000,20520.17000000
1572721200,1572724799,1.86550000,1.87160000,1.86150000,1.86620000,8271.49000000
1572724800,1572728399,1.86680000,1.87160000,1.85820000,1.86620000,6302.48000000
1572728400,1572731999,1.86620000,1.87340000,1.84530000,1.86850000,6435.41000000
1572732000,1572735599,1.86960000,1.89630000,1.86930000,1.88610000,9382.41000000
1572735600,1572739199,1.88570000,1.89670000,1.87030000,1.87510000,6479.32000000
1572739200,1572742799,1.87810000,1.88990000,1.85860000,1.86020000,7593.41000000
1572742800,1572746399,1.86060000,1.86790000,1.83670000,1.85170000,11315.66000000
1572746400,1572749999,1.85170000,1.88380000,1.84710000,1.88090000,10347.58000000
1572750000,1572753599,1.88040000,1.88140000,1.85370000,1.86310000,7326.07000000
1572753600,1572757199,1.86340000,1.87680000,1.85800000,1.86100000,6423.63000000
1572757200,1572760799,1.86090000,1.86090000,1.84850000,1.85010000,6756.81000000
1572760800,1572764399,1.84990000,1.86070000,1.84890000,1.85480000,6200.19000000
1572764400,1572767999,1.85500000,1.86070000,1.82740000,1.84970000,8117.92000000
1572768000,1572771599,1.84970000,1.85890000,1.81590000,1.82280000,9406.48000000
1572771600,1572775199,1.82230000,1.83670000,1.81010000,1.82220000,8188.17000000
1572775200,1572778799,1.82210000,1.82420000,1.78700000,1.78730000,10600.31000000
1572778800,1572782399,1.78720000,1.81550000,1.78720000,1.80270000,6627.83000000
1572782400,1572785999,1.80250000,1.81950000,1.79770000,1.81420000,7096.34000000
1572786000,1572789599,1.81530000,1.82280000,1.81080000,1.82070000,7039.95000000
1572789600,1572793199,1.82050000,1.82830000,1.81220000,1.81220000,8070.69000000
1572793200,1572796799,1.81510000,1.84520000,1.81040000,1.83850000,9110.47000000
1572796800,1572800399,1.83860000,1.87980000,1.83810000,1.85440000,9763.32000000
1572800400,1572803999,1.85450000,1.89450000,1.84820000,1.86200000,7180.53000000
1572804000,1572807599,1.86210000,1.89700000,1.85200000,1.89100000,10352.05000000
1572807600,1572811199,1.88550000,1.89110000,1.87150000,1.87880000,6986.86000000
1572811200,1572814799,1.87880000,1.91850000,1.87320000,1.89610000,12709.32000000
1572814800,1572818399,1.90050000,1.92470000,1.86830000,1.87030000,9489.74000000
1572818400,1572821999,1.87030000,1.88500000,1.87000000,1.88180000,7805.31000000
1572822000,1572825599,1.88170000,1.88750000,1.87710000,1.87880000,6352.26000000
1572825600,1572829199,1.87890000,1.88700000,1.87500000,1.87670000,7150.77000000
1572829200,1572832799,1.87680000,1.89940000,1.85780000,1.89900000,8302.96000000
1572832800,1572836399,1.89900000,1.91150000,1.89130000,1.89590000,8103.74000000
1572836400,1572839999,1.89580000,1.90120000,1.89330000,1.89950000,6572.59000000
1572840000,1572843599,1.90120000,1.90180000,1.85630000,1.87590000,7687.08000000
